customer_id,age,gender,tenure_months,contract_type,monthly_charges,support_tickets,payment_delays,satisfaction_score,churn
C0000,56,Male,40,1-Year,1007.68,3,0,2.8,0
C0001,69,Male,45,Monthly,634.26,1,2,2.6,0
C0002,46,Male,62,Monthly,1152.51,1,1,4.5,0
C0003,32,Female,58,2-Year,725.89,4,1,4.7,0
C0004,60,Male,67,Monthly,288.86,1,0,2.2,0
C0005,25,Male,56,1-Year,1218.89,2,2,4.5,0
C0006,38,Male,40,2-Year,571.49,0,1,4.1,0
C0007,56,Female,40,1-Year,762.6,4,0,4.7,0
C0008,36,Female,33,2-Year,1091.08,3,0,2.0,0
C0009,40,Male,6,Monthly,632.19,2,0,3.3,1
C0010,28,Male,19,Monthly,273.56,2,0,2.1,1
C0011,28,Male,40,Monthly,686.1,3,1,4.3,0
C0012,41,Male,59,1-Year,1427.78,3,0,1.0,1
C0013,53,Female,59,2-Year,1034.25,1,2,3.3,0
C0014,57,Female,48,Monthly,1072.92,3,0,2.4,0
C0015,41,Female,41,1-Year,1021.97,3,0,2.3,1
C0016,20,Female,13,Monthly,458.69,0,2,3.6,1
C0017,39,Male,45,1-Year,743.83,4,3,4.4,0
C0018,19,Male,53,1-Year,1176.22,4,0,3.4,1
C0019,41,Male,42,2-Year,331.78,2,2,4.4,0
C0020,61,Female,63,1-Year,561.21,2,1,2.1,0
C0021,47,Male,27,Monthly,559.21,2,1,3.1,0
C0022,55,Female,38,Monthly,761.62,0,2,2.8,0
C0023,19,Female,60,Monthly,1474.48,2,1,1.0,1
C0024,38,Male,7,Monthly,287.75,2,2,3.2,1
C0025,50,Male,5,Monthly,874.31,3,1,3.6,1
C0026,29,Male,45,2-Year,433.17,0,1,3.4,0
C0027,39,Female,58,1-Year,1461.88,1,1,3.9,0
C0028,61,Male,31,1-Year,347.29,3,0,3.3,0
C0029,42,Female,23,Monthly,724.68,3,2,1.3,1
C0030,66,Male,42,2-Year,1159.25,4,2,1.5,1
C0031,44,Female,10,1-Year,1115.92,0,0,3.4,1
C0032,59,Female,32,Monthly,749.55,3,1,2.1,1
C0033,45,Male,53,1-Year,650.48,1,4,1.3,0
C0034,33,Female,30,1-Year,716.9,2,1,2.7,0
C0035,32,Female,39,Monthly,543.56,5,1,3.2,0
C0036,64,Male,31,1-Year,466.93,0,1,2.3,0
C0037,68,Female,2,1-Year,827.95,1,0,3.9,1
C0038,61,Male,12,Monthly,549.09,3,0,3.6,0
C0039,69,Female,39,2-Year,573.7,3,1,2.3,0
C0040,20,Male,66,2-Year,1053.78,1,0,4.0,0
C0041,54,Male,13,1-Year,1459.1,0,1,3.6,0
C0042,68,Female,46,1-Year,984.73,3,1,3.5,0
C0043,24,Female,27,Monthly,300.07,3,2,,0
C0044,38,Female,17,1-Year,298.26,0,1,1.0,0
C0045,26,Female,60,1-Year,1436.85,2,1,3.8,0
C0046,56,Female,64,Monthly,586.48,0,0,2.5,0
C0047,35,Male,35,1-Year,319.69,4,2,4.8,0
C0048,21,Female,70,2-Year,978.76,0,0,4.3,0
C0049,42,Male,30,1-Year,1010.74,2,0,3.4,0
C0050,31,Male,71,Monthly,1043.06,1,2,2.0,0
C0051,67,Female,63,1-Year,547.62,0,0,1.8,0
C0052,26,Male,28,Monthly,219.64,1,2,2.4,0
C0053,43,Male,60,Monthly,1454.52,2,0,2.9,0
C0054,19,Male,37,Monthly,526.16,5,1,2.2,1
C0055,37,Male,22,Monthly,1078.83,1,0,3.1,1
C0056,45,Female,68,1-Year,1118.62,3,2,1.7,0
C0057,64,Male,20,1-Year,993.01,1,0,4.9,0
C0058,24,Female,68,Monthly,606.78,5,0,1.4,0
C0059,61,Female,64,2-Year,552.43,2,0,4.7,0
C0060,25,Male,17,2-Year,976.97,0,1,4.7,0
C0061,64,Female,12,2-Year,1325.92,1,2,3.1,1
C0062,52,Female,22,Monthly,1430.75,2,0,3.9,1
C0063,31,Female,17,1-Year,337.68,0,3,,0
C0064,34,Male,10,2-Year,401.28,1,2,3.5,0
C0065,53,Female,65,1-Year,1428.16,3,0,2.4,0
C0066,67,Female,22,Monthly,1157.5,0,2,2.2,1
C0067,57,Female,50,Monthly,1347.89,0,1,3.3,1
C0068,21,Male,14,1-Year,463.42,2,0,3.0,0
C0069,19,Female,64,2-Year,963.86,2,0,3.3,0
C0070,23,Male,47,1-Year,1111.48,2,1,2.1,0
C0071,59,Male,29,1-Year,1084.15,4,1,2.5,1
C0072,21,Male,36,Monthly,730.6,3,0,1.3,1
C0073,46,Male,52,1-Year,220.01,1,1,1.2,0
C0074,35,Male,7,2-Year,957.8,3,2,2.0,1
C0075,43,Male,29,Monthly,,1,0,1.3,0
C0076,61,Female,11,1-Year,785.33,3,1,1.4,1
C0077,51,Male,33,2-Year,1444.86,3,1,4.3,0
C0078,27,Female,6,Monthly,718.75,2,3,1.2,1
C0079,53,Female,32,1-Year,1291.74,3,1,3.6,1
C0080,31,Male,51,Monthly,445.1,2,1,2.1,0
C0081,48,Female,58,1-Year,1074.2,3,2,4.5,0
C0082,65,Female,26,1-Year,1470.11,1,2,2.9,0
C0083,32,Female,46,1-Year,332.46,3,0,2.2,1
C0084,25,Female,29,1-Year,210.82,2,2,3.1,0
C0085,31,Male,4,Monthly,763.66,4,2,2.5,1
C0086,40,Female,13,2-Year,320.41,3,0,3.3,0
C0087,57,Male,39,1-Year,1172.9,1,2,1.5,1
C0088,38,Female,15,Monthly,1388.91,1,0,5.0,0
C0089,33,Female,29,1-Year,764.23,2,2,2.7,1
C0090,62,Male,29,1-Year,536.33,4,1,2.4,1
C0091,35,Female,32,Monthly,764.72,2,2,3.8,0
C0092,64,Female,2,2-Year,1140.48,3,0,2.5,1
C0093,41,Female,47,2-Year,211.77,1,1,4.3,0
C0094,43,Male,22,Monthly,966.29,2,1,2.8,1
C0095,42,Female,27,2-Year,997.28,4,1,3.9,0
C0096,62,Male,67,Monthly,1028.99,4,2,1.4,0
C0097,58,Female,56,Monthly,514.63,1,1,4.4,0
C0098,46,Male,21,Monthly,1128.27,3,1,3.9,1
C0099,32,Male,47,2-Year,318.81,0,1,1.8,0
C0100,62,Female,59,1-Year,459.05,2,2,,0
C0101,18,Female,6,Monthly,1340.71,5,3,,1
C0102,42,Male,19,Monthly,1160.34,1,0,4.9,0
C0103,24,Male,57,1-Year,217.87,2,1,2.0,0
C0104,26,Female,69,Monthly,522.89,2,1,2.8,0
C0105,41,Male,3,2-Year,478.73,0,0,1.1,1
C0106,18,Female,1,2-Year,552.05,3,1,2.6,1
C0107,61,Female,58,1-Year,521.83,1,1,3.3,0
C0108,25,Female,38,2-Year,281.28,4,0,4.8,0
C0109,41,Female,15,Monthly,796.62,5,0,3.1,1
C0110,28,Male,34,2-Year,1152.55,3,1,4.3,0
C0111,68,Female,61,1-Year,988.75,2,1,3.2,0
C0112,34,Male,35,1-Year,1074.73,0,4,1.2,1
C0113,25,Female,64,Monthly,305.49,3,0,2.3,0
C0114,52,Male,25,2-Year,1436.94,1,0,3.3,0
C0115,52,Female,24,Monthly,1290.04,1,3,4.8,1
C0116,50,Male,12,Monthly,1246.62,1,2,4.4,1
C0117,22,Male,18,Monthly,1269.88,1,1,1.9,1
C0118,59,Female,15,1-Year,1412.52,2,1,1.9,1
C0119,56,Female,27,1-Year,907.53,2,1,1.8,1
C0120,58,Female,72,1-Year,460.37,1,2,4.7,0
C0121,45,Female,60,2-Year,1001.82,0,2,4.4,0
C0122,24,Male,46,Monthly,1165.75,5,1,4.1,0
C0123,26,Female,17,1-Year,1159.29,0,0,2.6,1
C0124,25,Male,53,Monthly,877.88,0,2,3.0,0
C0125,29,Male,8,2-Year,289.0,1,3,2.9,0
C0126,51,Female,27,2-Year,682.45,1,1,2.0,0
C0127,50,Male,46,1-Year,,3,1,3.0,0
C0128,65,Male,50,1-Year,959.78,1,0,1.1,0
C0129,40,Male,71,Monthly,899.83,0,1,1.5,0
C0130,41,Male,3,1-Year,549.51,1,0,4.5,0
C0131,54,Female,64,2-Year,678.98,4,0,4.0,0
C0132,52,Female,44,1-Year,1363.95,2,1,2.7,0
C0133,61,Female,53,Monthly,1066.4,0,1,3.1,0
C0134,57,Female,24,1-Year,1223.6,3,0,2.5,1
C0135,39,Male,60,2-Year,790.65,1,1,4.0,0
C0136,44,Male,3,Monthly,1019.32,1,0,4.1,1
C0137,52,Female,20,Monthly,522.9,0,0,4.1,0
C0138,18,Female,46,1-Year,1117.1,3,2,3.9,0
C0139,52,Female,15,2-Year,755.88,1,2,1.8,1
C0140,54,Male,25,Monthly,775.31,0,0,,0
C0141,64,Female,71,Monthly,1044.12,2,2,2.9,1
C0142,31,Female,17,Monthly,1417.16,3,0,2.3,1
C0143,20,Female,9,Monthly,283.21,1,0,4.0,0
C0144,18,Male,38,1-Year,1272.17,5,1,2.3,1
C0145,22,Male,48,1-Year,580.1,3,1,1.6,1
C0146,43,Male,60,1-Year,777.1,3,0,2.6,0
C0147,31,Male,63,1-Year,228.49,4,3,4.9,0
C0148,56,Male,2,Monthly,591.36,1,0,1.9,1
C0149,44,Male,72,2-Year,853.42,2,1,3.4,0
C0150,26,Male,11,1-Year,273.03,2,1,2.7,1
C0151,32,Male,64,2-Year,838.42,2,1,1.3,0
C0152,32,Female,72,1-Year,1405.24,2,1,3.0,0
C0153,43,Female,21,Monthly,337.01,3,1,3.8,1
C0154,59,Male,18,1-Year,1193.77,3,1,3.1,1
C0155,30,Male,64,Monthly,732.57,2,2,4.5,0
C0156,68,Female,38,1-Year,1051.73,3,1,2.2,0
C0157,49,Male,32,Monthly,538.31,1,2,1.3,1
C0158,56,Male,11,Monthly,407.34,3,0,4.7,0
C0159,66,Male,45,2-Year,408.6,5,0,2.5,0
C0160,69,Female,33,Monthly,291.64,0,1,3.3,0
C0161,49,Female,41,2-Year,441.34,1,1,4.2,0
C0162,21,Female,8,Monthly,1063.49,2,1,2.3,1
C0163,47,Female,11,1-Year,1346.2,0,1,3.9,0
C0164,54,Female,51,1-Year,,2,1,1.5,1
C0165,40,Male,41,1-Year,1090.67,0,0,2.2,0
C0166,56,Female,17,Monthly,343.56,2,0,1.6,0
C0167,62,Male,46,Monthly,575.94,1,1,4.2,0
C0168,32,Male,32,Monthly,602.75,3,1,1.9,0
C0169,60,Female,54,Monthly,,2,3,3.9,0
C0170,46,Female,20,1-Year,869.51,5,0,4.8,0
C0171,53,Male,33,2-Year,896.22,3,0,3.1,0
C0172,30,Male,40,2-Year,663.95,1,0,3.2,0
C0173,49,Male,32,1-Year,659.93,1,1,2.8,0
C0174,24,Female,2,1-Year,1277.12,3,2,2.3,1
C0175,68,Female,33,1-Year,1226.08,0,1,2.9,0
C0176,39,Female,30,Monthly,600.13,0,0,3.4,0
C0177,45,Female,33,2-Year,1387.92,1,1,4.9,0
C0178,19,Female,26,1-Year,1438.66,1,2,4.8,1
C0179,59,Male,22,1-Year,624.77,2,0,4.4,0
C0180,62,Female,66,Monthly,660.75,4,1,4.6,0
C0181,23,Male,38,Monthly,,2,0,2.9,1
C0182,45,Male,46,1-Year,1423.46,6,3,3.6,0
C0183,45,Male,15,2-Year,1339.22,1,2,4.6,0
C0184,61,Female,44,1-Year,333.34,2,2,2.6,0
C0185,61,Female,49,Monthly,710.55,1,1,,0
C0186,37,Female,61,2-Year,919.38,3,1,2.7,0
C0187,47,Male,67,Monthly,854.07,3,3,3.4,0
C0188,28,Male,6,Monthly,452.02,2,1,3.8,0
C0189,45,Male,9,Monthly,1316.46,4,0,4.8,1
C0190,42,Male,6,1-Year,1080.02,2,1,2.0,1
C0191,56,Male,32,2-Year,1289.28,3,1,4.0,0
C0192,50,Male,41,Monthly,1316.39,2,1,3.1,0
C0193,18,Female,8,2-Year,1172.86,2,3,2.1,1
C0194,44,Female,72,Monthly,770.97,1,0,4.1,0
C0195,69,Female,50,2-Year,993.71,3,1,3.2,0
C0196,30,Female,62,1-Year,408.48,3,1,3.6,0
C0197,58,Male,62,2-Year,1075.74,2,0,2.3,0
C0198,20,Male,7,Monthly,433.03,0,2,2.9,1
C0199,56,Female,4,2-Year,1102.13,1,0,3.5,0
C0200,23,Male,6,1-Year,498.48,1,0,2.6,0
C0201,25,Female,58,Monthly,352.82,5,2,1.8,1
C0202,44,Female,22,2-Year,414.87,1,0,4.8,0
C0203,26,Female,26,Monthly,202.59,3,2,3.0,0
C0204,54,Male,3,2-Year,1134.36,2,0,3.9,1
C0205,50,Female,41,Monthly,1152.12,3,0,2.6,0
C0206,68,Female,60,1-Year,869.41,4,2,2.4,0
C0207,59,Female,14,1-Year,409.77,3,1,,1
C0208,61,Male,12,Monthly,308.62,3,1,2.6,0
C0209,41,Male,12,Monthly,,2,2,3.2,1
C0210,32,Female,13,Monthly,415.47,3,0,3.2,0
C0211,49,Male,25,1-Year,1358.11,2,0,3.0,1
C0212,49,Male,45,Monthly,514.0,2,0,1.5,1
C0213,41,Male,19,1-Year,660.55,5,1,3.0,1
C0214,58,Male,55,Monthly,336.95,4,1,1.7,0
C0215,69,Male,45,Monthly,489.07,1,1,1.5,0
C0216,66,Male,8,1-Year,874.99,2,0,4.7,1
C0217,66,Male,53,Monthly,990.08,3,0,3.4,0
C0218,69,Male,55,2-Year,518.96,2,0,3.6,0
C0219,29,Male,32,2-Year,275.05,2,2,2.6,0
C0220,56,Male,51,1-Year,708.34,0,1,4.6,0
C0221,19,Female,44,1-Year,504.46,3,0,3.6,0
C0222,20,Female,70,2-Year,485.42,2,0,4.1,0
C0223,66,Male,18,Monthly,1447.82,3,1,2.5,1
C0224,54,Female,22,Monthly,1001.19,2,0,4.8,0
C0225,66,Female,37,Monthly,923.94,3,0,4.3,1
C0226,34,Male,56,1-Year,740.51,2,0,4.4,0
C0227,66,Male,59,Monthly,757.63,2,1,1.7,1
C0228,19,Male,3,1-Year,903.18,2,0,2.1,1
C0229,19,Female,28,2-Year,1105.36,3,1,2.1,1
C0230,45,Female,35,2-Year,1112.79,2,2,2.1,0
C0231,40,Male,61,1-Year,423.2,1,1,4.4,0
C0232,54,Male,54,Monthly,850.15,1,1,1.1,0
C0233,49,Male,63,2-Year,735.55,3,0,1.3,0
C0234,50,Female,7,1-Year,1331.69,0,3,2.1,1
C0235,18,Female,49,Monthly,1020.84,0,1,1.8,0
C0236,36,Female,31,Monthly,892.26,3,0,1.9,1
C0237,19,Female,58,2-Year,350.01,2,1,4.2,0
C0238,61,Male,61,1-Year,987.33,2,1,3.3,0
C0239,43,Male,24,2-Year,352.37,0,1,1.0,0
C0240,49,Male,20,2-Year,638.37,2,2,2.7,0
C0241,23,Male,37,1-Year,385.69,1,0,2.6,1
C0242,49,Female,4,1-Year,1099.7,2,1,1.5,1
C0243,21,Female,20,Monthly,468.13,3,2,3.7,1
C0244,28,Male,60,Monthly,709.42,1,1,3.8,0
C0245,34,Male,24,Monthly,1364.38,5,0,3.9,1
C0246,55,Female,50,1-Year,465.61,1,2,3.9,0
C0247,41,Male,49,1-Year,860.15,2,0,1.0,0
C0248,22,Female,51,2-Year,745.05,2,1,4.8,0
C0249,69,Male,36,Monthly,223.56,1,1,4.3,0
C0250,51,Male,66,1-Year,1230.59,3,2,4.6,0
C0251,23,Male,34,1-Year,289.76,1,1,1.1,0
C0252,39,Male,36,1-Year,816.53,1,1,4.7,0
C0253,28,Male,6,1-Year,928.88,1,2,4.2,1
C0254,65,Male,39,Monthly,1016.95,1,0,4.3,0
C0255,33,Male,42,1-Year,1095.22,4,1,1.4,1
C0256,50,Female,58,Monthly,529.25,0,1,4.0,0
C0257,26,Female,12,Monthly,212.97,1,1,4.8,0
C0258,23,Female,3,1-Year,1140.48,1,0,3.7,0
C0259,33,Female,18,1-Year,896.35,1,2,3.3,0
C0260,46,Female,40,2-Year,1286.95,1,0,4.8,0
C0261,20,Male,21,1-Year,1267.8,1,4,2.8,1
C0262,37,Male,15,1-Year,1296.32,0,0,3.4,0
C0263,53,Female,26,1-Year,830.62,3,2,2.9,1
C0264,36,Male,8,1-Year,633.72,0,0,4.7,0
C0265,43,Female,42,Monthly,1229.03,3,1,1.3,1
C0266,20,Female,44,Monthly,786.68,1,1,3.0,1
C0267,36,Male,14,Monthly,438.47,6,2,3.7,1
C0268,37,Male,2,1-Year,1311.47,1,1,4.2,1
C0269,49,Male,37,Monthly,1347.33,2,1,3.3,1
C0270,24,Female,69,Monthly,806.2,1,0,4.6,0
C0271,69,Male,38,Monthly,298.41,1,0,4.8,0
C0272,58,Female,41,2-Year,704.17,4,0,1.3,1
C0273,50,Female,62,Monthly,,1,0,2.6,0
C0274,57,Female,60,1-Year,1372.31,2,2,1.1,0
C0275,56,Male,14,Monthly,464.51,3,1,2.3,1
C0276,35,Male,2,1-Year,,0,1,3.1,0
C0277,57,Female,70,Monthly,1340.56,1,0,4.6,0
C0278,18,Male,17,Monthly,706.23,1,0,4.4,0
C0279,28,Male,28,1-Year,904.29,1,2,1.5,1
C0280,45,Male,66,Monthly,1458.49,3,0,1.4,0
C0281,42,Female,35,Monthly,286.53,1,1,3.4,0
C0282,67,Female,5,Monthly,1042.81,2,3,3.1,1
C0283,40,Male,65,Monthly,296.34,3,1,2.1,0
C0284,48,Female,40,Monthly,688.11,1,1,4.6,0
C0285,47,Male,56,Monthly,1244.96,2,0,4.7,0
C0286,59,Male,36,2-Year,763.51,3,1,2.6,0
C0287,52,Male,45,1-Year,1496.34,1,3,4.6,0
C0288,24,Male,23,1-Year,926.78,2,1,2.5,0
C0289,33,Female,47,Monthly,617.51,3,2,3.9,0
C0290,43,Female,31,2-Year,486.14,2,1,2.9,0
C0291,65,Female,11,Monthly,655.68,0,0,1.5,1
C0292,69,Male,10,Monthly,684.29,3,1,4.7,1
C0293,66,Male,67,1-Year,289.33,2,1,2.8,0
C0294,19,Male,14,Monthly,680.45,2,0,,1
C0295,18,Female,10,Monthly,803.51,0,3,,1
C0296,65,Male,1,1-Year,1139.56,1,1,1.1,1
C0297,29,Female,5,2-Year,1053.75,0,0,1.4,1
C0298,22,Female,20,1-Year,1121.4,1,0,,0
C0299,54,Female,8,1-Year,210.87,1,1,3.8,0
C0300,49,Female,43,2-Year,482.97,2,1,2.3,0
C0301,26,Female,1,Monthly,1060.19,3,1,3.8,1
C0302,58,Female,57,Monthly,829.19,3,0,3.8,0
C0303,52,Male,64,Monthly,,2,3,3.8,0
C0304,36,Male,28,Monthly,1245.84,2,1,3.0,1
C0305,65,Female,37,Monthly,1204.65,4,0,4.7,0
C0306,33,Female,47,2-Year,912.94,1,1,3.0,0
C0307,20,Male,37,1-Year,286.4,3,1,2.8,0
C0308,37,Female,49,1-Year,1196.47,3,2,1.8,1
C0309,41,Female,44,Monthly,958.83,4,1,2.2,1
C0310,50,Male,56,2-Year,1216.55,2,1,1.2,0
C0311,41,Female,28,2-Year,1177.27,4,0,3.5,1
C0312,69,Female,6,2-Year,1243.9,3,0,2.0,1
C0313,28,Female,61,Monthly,873.41,2,0,2.2,0
C0314,66,Male,20,1-Year,382.42,3,1,4.1,0
C0315,25,Male,2,Monthly,1072.5,2,0,2.3,1
C0316,53,Male,37,Monthly,1006.62,2,1,,1
C0317,55,Female,20,Monthly,1164.93,4,2,1.7,1
C0318,57,Female,26,1-Year,420.85,4,2,4.1,0
C0319,37,Male,29,1-Year,453.47,1,1,1.5,0
C0320,52,Female,1,Monthly,1357.53,1,2,2.8,1
C0321,65,Female,35,Monthly,1174.97,0,2,3.0,1
C0322,42,Female,70,1-Year,1380.7,3,1,3.7,0
C0323,52,Female,59,Monthly,1186.33,1,2,3.5,0
C0324,42,Female,69,Monthly,976.3,6,0,4.2,0
C0325,46,Male,33,Monthly,1050.37,1,1,1.2,1
C0326,35,Female,51,1-Year,1355.87,1,0,2.2,0
C0327,63,Male,12,Monthly,952.45,3,1,2.1,1
C0328,35,Female,20,Monthly,1022.11,3,1,1.6,1
C0329,19,Male,53,Monthly,403.42,0,0,2.2,0
C0330,52,Female,43,2-Year,816.1,2,1,2.2,0
C0331,33,Male,50,1-Year,1131.32,1,0,3.1,0
C0332,58,Female,29,1-Year,552.23,3,0,3.7,0
C0333,53,Male,57,Monthly,462.93,1,1,2.5,0
C0334,50,Female,39,1-Year,607.97,3,0,3.9,0
C0335,21,Male,56,Monthly,513.95,5,0,2.3,1
C0336,50,Female,43,1-Year,479.39,0,3,2.2,0
C0337,31,Male,50,2-Year,752.31,1,1,3.2,0
C0338,38,Male,23,1-Year,1380.19,2,1,1.1,1
C0339,65,Female,44,2-Year,859.18,1,2,1.3,0
C0340,37,Female,38,1-Year,444.3,5,0,2.7,0
C0341,25,Male,23,Monthly,300.06,1,0,4.8,0
C0342,24,Female,45,2-Year,1105.0,3,3,3.9,0
C0343,20,Male,52,Monthly,697.64,2,3,1.4,1
C0344,34,Male,50,1-Year,1268.38,2,1,4.4,0
C0345,50,Male,8,Monthly,1057.36,0,2,3.9,1
C0346,65,Female,1,Monthly,1235.11,2,0,3.4,0
C0347,29,Male,8,Monthly,,2,2,4.3,1
C0348,68,Male,29,Monthly,1100.07,4,1,2.6,1
C0349,39,Female,5,1-Year,543.28,0,2,,1
C0350,39,Female,47,1-Year,1420.79,3,0,3.0,0
C0351,63,Female,34,Monthly,1027.29,3,1,3.2,1
C0352,47,Female,65,Monthly,621.87,3,1,3.2,0
C0353,55,Male,55,1-Year,550.37,2,3,3.3,0
C0354,55,Male,43,Monthly,448.2,0,1,4.8,0
C0355,62,Male,30,1-Year,1103.03,2,0,4.6,0
C0356,68,Male,17,1-Year,484.33,2,3,4.5,0
C0357,25,Female,26,2-Year,973.89,1,0,4.2,0
C0358,44,Male,8,1-Year,544.03,0,0,,0
C0359,44,Male,47,Monthly,1060.56,0,2,1.4,0
C0360,51,Female,72,1-Year,1259.42,1,1,2.1,0
C0361,38,Male,46,Monthly,1211.43,0,0,3.0,0
C0362,47,Male,68,Monthly,1189.11,2,0,4.4,0
C0363,50,Male,33,1-Year,444.04,1,1,3.0,0
C0364,45,Male,1,Monthly,314.9,3,1,4.0,1
C0365,64,Male,19,1-Year,,1,3,1.6,1
C0366,50,Male,31,2-Year,678.85,1,1,2.0,0
C0367,22,Female,14,2-Year,762.05,6,2,3.9,1
C0368,65,Female,53,2-Year,240.49,3,0,1.7,0
C0369,36,Male,48,Monthly,537.45,1,2,2.4,0
C0370,21,Male,69,Monthly,243.78,1,1,2.1,0
C0371,52,Female,62,1-Year,1342.94,4,0,2.4,0
C0372,66,Male,66,Monthly,516.42,3,1,3.8,0
C0373,34,Male,64,1-Year,924.54,0,2,2.5,0
C0374,61,Male,70,1-Year,250.67,0,1,3.2,0
C0375,45,Female,63,1-Year,,3,1,1.4,0
C0376,47,Male,33,Monthly,619.94,3,1,4.2,0
C0377,46,Female,41,Monthly,1367.29,4,1,2.5,0
C0378,63,Male,48,Monthly,1354.55,2,0,3.6,0
C0379,23,Female,13,Monthly,622.88,1,1,3.9,0
C0380,52,Female,31,2-Year,1371.25,4,1,1.8,1
C0381,58,Male,68,Monthly,1495.0,2,1,4.5,0
C0382,54,Female,4,Monthly,1273.04,1,1,3.5,1
C0383,41,Male,19,Monthly,1298.33,2,1,,1
C0384,46,Female,70,1-Year,523.71,2,2,1.7,0
C0385,66,Male,13,1-Year,949.71,2,1,4.8,0
C0386,63,Male,23,Monthly,287.43,1,1,4.0,0
C0387,48,Female,1,Monthly,323.39,0,2,1.8,1
C0388,52,Male,54,Monthly,1498.56,3,1,2.4,1
C0389,50,Male,71,Monthly,624.63,4,1,4.2,0
C0390,69,Female,15,1-Year,1172.64,6,1,3.8,1
C0391,38,Male,65,1-Year,1248.66,4,0,4.1,0
C0392,49,Male,71,Monthly,1315.43,2,0,2.8,0
C0393,40,Female,15,Monthly,1496.92,1,0,3.9,1
C0394,50,Female,21,2-Year,513.95,4,0,2.5,1
C0395,20,Male,19,1-Year,252.46,2,3,1.8,1
C0396,35,Male,60,1-Year,734.55,3,0,3.5,0
C0397,42,Female,33,Monthly,369.1,2,1,4.9,0
C0398,59,Female,49,1-Year,229.15,3,2,2.2,0
C0399,48,Male,35,Monthly,668.55,0,1,2.8,0
C0400,20,Female,44,1-Year,1218.86,2,1,,0
C0401,57,Male,11,2-Year,936.03,2,0,3.2,1
C0402,63,Male,72,Monthly,606.61,2,1,4.4,0
C0403,41,Male,66,Monthly,1050.64,3,1,4.0,0
C0404,67,Male,46,Monthly,501.62,2,1,1.2,0
C0405,49,Male,9,Monthly,218.7,2,0,5.0,0
C0406,64,Female,3,Monthly,1193.66,3,0,4.0,1
C0407,39,Female,26,Monthly,1010.87,5,0,4.5,1
C0408,40,Female,72,1-Year,1190.99,3,0,3.6,0
C0409,19,Female,48,1-Year,250.62,0,1,,0
C0410,44,Male,66,Monthly,1288.26,2,0,1.4,0
C0411,59,Male,70,2-Year,1005.38,3,0,2.4,0
C0412,19,Male,28,Monthly,932.41,2,2,4.5,1
C0413,43,Male,26,2-Year,1012.0,3,0,1.8,0
C0414,34,Female,25,Monthly,1323.76,2,0,1.3,1
C0415,57,Male,12,2-Year,963.02,0,0,4.2,0
C0416,50,Male,5,1-Year,955.24,2,0,4.3,0
C0417,26,Female,48,2-Year,1487.88,1,1,1.7,1
C0418,60,Female,37,2-Year,1183.75,2,1,4.4,0
C0419,65,Female,44,Monthly,774.98,2,3,3.7,0
C0420,56,Female,15,2-Year,1119.62,4,1,3.1,0
C0421,46,Male,43,Monthly,706.0,0,1,4.3,0
C0422,59,Male,48,Monthly,497.54,2,2,2.7,1
C0423,43,Female,70,Monthly,975.91,0,1,1.8,0
C0424,52,Male,46,1-Year,1406.64,0,0,2.1,0
C0425,67,Male,43,Monthly,1407.88,1,1,3.0,1
C0426,42,Male,21,1-Year,644.48,2,1,3.1,0
C0427,41,Female,23,1-Year,885.98,0,1,4.2,0
C0428,30,Male,47,1-Year,475.13,1,1,4.2,0
C0429,24,Female,15,2-Year,1494.32,4,2,3.3,0
C0430,53,Male,25,Monthly,1475.45,3,0,4.1,0
C0431,62,Male,36,Monthly,1044.36,4,2,1.8,1
C0432,37,Male,51,Monthly,1245.74,2,2,1.2,1
C0433,18,Female,15,Monthly,1129.63,2,0,4.5,0
C0434,25,Male,68,Monthly,971.11,2,0,1.3,0
C0435,63,Female,21,Monthly,269.35,1,2,2.0,0
C0436,33,Female,13,Monthly,791.19,1,1,3.8,1
C0437,31,Female,19,2-Year,1077.22,1,1,2.6,1
C0438,29,Male,34,1-Year,1080.79,1,0,4.5,0
C0439,68,Male,68,Monthly,685.06,3,0,2.2,1
C0440,40,Male,52,1-Year,1424.2,2,0,1.0,1
C0441,32,Male,27,Monthly,417.56,2,0,2.2,1
C0442,45,Female,29,Monthly,850.47,2,0,3.3,1
C0443,51,Female,28,1-Year,1098.15,0,1,2.5,1
C0444,19,Female,35,1-Year,1106.28,1,1,3.1,0
C0445,49,Male,8,Monthly,1043.23,4,0,4.5,1
C0446,40,Female,16,2-Year,557.87,2,0,4.6,0
C0447,39,Male,36,2-Year,403.07,4,0,2.1,0
C0448,68,Female,30,1-Year,1026.72,4,1,2.8,0
C0449,42,Male,18,1-Year,979.09,2,3,3.2,1
C0450,39,Male,2,1-Year,433.16,1,1,4.8,0
C0451,39,Female,49,Monthly,1116.68,3,1,5.0,0
C0452,66,Female,4,Monthly,791.72,3,0,1.9,1
C0453,69,Female,7,Monthly,1068.09,1,1,3.9,1
C0454,59,Female,39,1-Year,1288.58,1,1,2.5,0
C0455,23,Male,13,1-Year,420.65,4,1,1.0,1
C0456,32,Female,31,Monthly,,1,1,1.0,0
C0457,60,Female,71,2-Year,1212.83,4,1,2.8,0
C0458,54,Female,63,2-Year,992.61,0,2,3.0,0
C0459,50,Male,56,1-Year,1109.53,3,2,1.1,0
C0460,25,Male,42,1-Year,1289.6,3,1,3.7,0
C0461,61,Female,61,2-Year,1243.65,3,2,2.2,0
C0462,61,Male,42,Monthly,1449.2,2,0,3.2,0
C0463,22,Female,56,1-Year,,1,1,2.2,0
C0464,56,Male,36,Monthly,835.04,0,1,1.7,0
C0465,21,Male,68,1-Year,722.45,2,1,2.6,0
C0466,23,Male,7,Monthly,399.8,2,2,1.9,1
C0467,62,Male,54,2-Year,944.39,2,1,3.1,0
C0468,49,Female,1,2-Year,560.12,3,0,1.8,1
C0469,69,Female,44,Monthly,1397.7,3,0,3.0,1
C0470,47,Female,45,1-Year,958.15,1,1,1.6,0
C0471,64,Male,47,2-Year,970.69,2,0,3.7,0
C0472,52,Female,13,1-Year,661.4,1,1,4.0,0
C0473,57,Female,22,2-Year,267.59,2,1,1.4,0
C0474,69,Female,21,1-Year,241.27,0,0,2.9,0
C0475,33,Male,9,Monthly,750.34,1,1,1.3,1
C0476,30,Male,26,Monthly,309.93,1,3,3.4,0
C0477,67,Male,9,Monthly,988.9,2,3,2.1,1
C0478,59,Female,15,1-Year,1345.26,1,0,3.1,1
C0479,47,Female,10,Monthly,1347.79,1,0,3.1,1
C0480,36,Female,42,1-Year,1056.76,2,1,4.7,0
C0481,34,Male,72,1-Year,474.6,4,0,3.2,0
C0482,36,Male,24,1-Year,1321.9,0,1,3.3,0
C0483,45,Female,49,2-Year,1351.92,1,2,2.6,0
C0484,43,Male,26,2-Year,455.65,4,1,4.8,0
C0485,54,Male,37,Monthly,1158.65,2,3,4.1,0
C0486,43,Male,68,2-Year,572.48,1,1,2.1,0
C0487,40,Male,50,1-Year,,1,1,4.4,0
C0488,26,Female,24,1-Year,1496.41,3,2,2.7,1
C0489,29,Male,19,2-Year,239.03,1,1,4.3,0
C0490,18,Male,60,Monthly,1366.58,3,0,4.3,0
C0491,18,Male,39,Monthly,1009.42,3,1,1.8,1
C0492,64,Male,18,2-Year,1465.4,2,0,3.8,0
C0493,51,Female,19,Monthly,804.51,2,1,2.2,1
C0494,49,Female,36,2-Year,1301.6,4,0,2.2,1
C0495,65,Male,55,2-Year,281.11,1,0,2.2,0
C0496,42,Male,69,Monthly,635.86,1,0,3.9,0
C0497,57,Male,47,2-Year,287.12,2,3,1.9,0
C0498,62,Male,49,Monthly,1467.95,1,0,1.0,1
C0499,18,Male,33,1-Year,1262.07,3,2,3.9,1
C0500,33,Male,21,1-Year,1308.31,3,3,1.7,1
C0501,56,Female,22,2-Year,1419.35,4,0,1.4,1
C0502,22,Male,48,Monthly,310.63,1,0,2.0,0
C0503,39,Female,37,1-Year,701.28,1,1,2.5,0
C0504,46,Female,15,1-Year,292.35,1,1,2.9,0
C0505,20,Male,35,1-Year,474.03,1,1,1.2,0
C0506,29,Female,71,1-Year,498.18,2,3,4.9,0
C0507,43,Female,32,Monthly,809.84,0,0,3.9,0
C0508,33,Female,11,Monthly,549.13,1,0,2.3,0
C0509,68,Female,10,Monthly,331.27,2,0,2.3,1
C0510,54,Female,57,2-Year,417.74,4,0,2.8,0
C0511,39,Female,25,Monthly,391.46,0,0,3.5,0
C0512,46,Male,2,Monthly,1465.0,0,2,1.6,1
C0513,31,Female,64,2-Year,1187.08,1,2,1.8,0
C0514,45,Female,35,Monthly,1458.09,1,2,4.4,1
C0515,22,Female,7,2-Year,771.66,4,1,2.0,1
C0516,64,Male,18,1-Year,561.88,2,1,2.5,0
C0517,66,Female,67,2-Year,1237.78,2,2,4.5,0
C0518,47,Male,42,Monthly,624.13,2,0,3.7,0
C0519,63,Female,39,Monthly,589.2,5,2,2.4,0
C0520,69,Male,41,1-Year,502.26,3,1,3.7,0
C0521,22,Male,24,2-Year,368.58,4,3,1.1,1
C0522,29,Female,60,1-Year,533.4,3,1,3.9,0
C0523,33,Female,46,Monthly,661.92,0,1,2.9,0
C0524,43,Male,19,1-Year,1076.19,3,0,4.3,1
C0525,43,Female,68,1-Year,281.33,2,2,4.8,0
C0526,65,Male,42,1-Year,473.66,3,1,4.7,0
C0527,38,Male,32,1-Year,1251.73,3,0,4.6,0
C0528,56,Male,39,2-Year,391.0,1,1,3.0,0
C0529,53,Male,36,1-Year,645.44,1,0,2.4,0
C0530,50,Male,36,Monthly,1324.06,4,1,2.9,1
C0531,47,Female,3,1-Year,401.4,0,2,3.8,0
C0532,54,Male,8,Monthly,307.56,2,0,4.5,1
C0533,40,Male,70,Monthly,829.9,3,1,1.8,0
C0534,27,Female,41,Monthly,593.15,1,0,4.7,0
C0535,22,Male,68,Monthly,932.43,0,1,4.3,0
C0536,53,Female,13,Monthly,1244.95,3,1,4.9,1
C0537,51,Female,49,Monthly,378.29,2,0,4.5,0
C0538,69,Female,60,2-Year,954.91,1,0,2.1,0
C0539,48,Male,2,2-Year,857.16,2,3,1.4,1
C0540,27,Male,60,Monthly,387.3,1,0,1.4,0
C0541,36,Male,5,2-Year,1011.2,0,0,2.2,1
C0542,49,Female,44,1-Year,555.73,2,1,3.5,0
C0543,18,Male,27,Monthly,834.18,0,1,4.2,0
C0544,22,Female,32,Monthly,306.95,3,1,4.6,0
C0545,62,Male,21,1-Year,797.46,2,1,3.5,0
C0546,21,Female,8,1-Year,598.4,4,1,1.0,1
C0547,33,Male,72,1-Year,1269.1,1,1,1.7,0
C0548,41,Male,50,Monthly,274.07,0,1,1.4,0
C0549,33,Male,67,Monthly,744.19,0,3,2.5,0
C0550,19,Female,44,Monthly,795.96,4,1,3.0,1
C0551,66,Female,58,Monthly,1142.51,0,1,1.2,0
C0552,45,Male,3,Monthly,946.57,5,0,2.4,1
C0553,49,Male,70,Monthly,1067.38,0,0,1.7,0
C0554,44,Female,2,2-Year,1210.16,3,0,3.6,1
C0555,37,Female,44,2-Year,1320.86,2,0,2.9,0
C0556,41,Female,2,Monthly,608.04,1,3,3.0,1
C0557,29,Male,35,2-Year,899.43,1,0,2.7,0
C0558,67,Female,30,Monthly,1292.14,1,2,4.8,0
C0559,52,Male,8,1-Year,1486.29,2,2,1.9,1
C0560,50,Female,22,Monthly,1356.38,3,1,3.1,1
C0561,50,Male,44,1-Year,682.91,2,0,3.9,0
C0562,68,Female,58,2-Year,453.72,3,1,3.2,0
C0563,60,Female,36,1-Year,836.21,3,2,4.7,0
C0564,54,Female,69,Monthly,1164.13,1,0,2.5,0
C0565,29,Female,31,1-Year,840.34,2,2,2.9,0
C0566,20,Female,47,Monthly,828.14,2,1,1.4,1
C0567,18,Male,55,2-Year,1289.7,2,2,3.4,0
C0568,50,Female,62,1-Year,669.82,4,2,2.2,0
C0569,57,Female,30,Monthly,1317.73,1,0,1.6,1
C0570,27,Female,55,1-Year,728.85,0,1,3.2,0
C0571,60,Male,16,1-Year,626.7,1,0,3.1,0
C0572,61,Female,12,Monthly,790.19,2,1,1.3,1
C0573,46,Male,17,1-Year,1191.18,0,1,3.8,0
C0574,30,Female,16,Monthly,363.8,1,1,3.5,0
C0575,29,Female,12,1-Year,455.34,0,0,1.8,0
C0576,48,Male,8,2-Year,1436.88,2,0,2.9,1
C0577,63,Female,3,2-Year,428.14,2,2,3.9,0
C0578,19,Male,16,1-Year,938.05,3,3,3.1,1
C0579,68,Male,30,1-Year,953.11,0,1,2.6,0
C0580,67,Female,23,Monthly,836.51,5,2,2.3,1
C0581,52,Male,5,1-Year,1038.17,5,0,3.4,1
C0582,40,Female,65,Monthly,498.77,1,0,4.8,0
C0583,34,Female,30,1-Year,918.46,4,2,3.7,0
C0584,43,Male,21,Monthly,683.83,2,1,1.3,1
C0585,25,Male,70,Monthly,1060.17,3,0,2.8,0
C0586,46,Male,22,1-Year,383.59,2,1,4.6,0
C0587,43,Male,72,Monthly,942.14,3,0,1.4,1
C0588,27,Female,32,1-Year,440.85,2,2,5.0,0
C0589,43,Female,33,Monthly,562.24,2,2,4.8,0
C0590,51,Male,16,Monthly,484.32,2,1,1.3,1
C0591,68,Female,38,1-Year,437.69,2,1,4.7,0
C0592,58,Female,14,Monthly,1273.42,0,1,2.5,1
C0593,24,Female,36,Monthly,571.42,4,1,4.4,1
C0594,21,Female,23,1-Year,1405.26,4,1,2.7,1
C0595,67,Male,66,Monthly,1460.9,1,0,2.8,0
C0596,62,Male,2,2-Year,942.64,3,1,3.5,0
C0597,28,Female,65,Monthly,385.9,0,0,4.1,0
C0598,46,Male,67,Monthly,686.91,2,2,1.1,0
C0599,53,Male,52,1-Year,1237.05,0,0,3.4,0
C0600,42,Male,62,Monthly,677.61,3,1,1.7,0
C0601,38,Female,23,Monthly,313.12,2,0,2.4,1
C0602,53,Female,26,Monthly,923.82,1,1,2.4,1
C0603,27,Female,68,Monthly,1298.66,0,0,2.9,0
C0604,54,Male,55,2-Year,,0,0,2.3,0
C0605,26,Female,6,Monthly,427.66,4,0,1.4,1
C0606,41,Female,35,1-Year,1074.59,2,0,1.6,0
C0607,52,Male,22,2-Year,486.66,2,1,,0
C0608,66,Female,43,Monthly,483.67,3,0,,0
C0609,52,Female,15,2-Year,1336.29,5,0,4.8,0
C0610,65,Male,60,Monthly,524.57,3,2,1.5,1
C0611,53,Male,12,2-Year,542.22,0,1,4.8,0
C0612,35,Male,49,Monthly,200.85,0,0,3.9,0
C0613,66,Female,42,1-Year,1331.87,2,0,3.5,0
C0614,56,Female,38,1-Year,,2,1,3.6,0
C0615,49,Female,45,Monthly,1015.53,2,1,4.3,0
C0616,41,Male,35,1-Year,1175.35,3,1,1.4,1
C0617,40,Male,30,1-Year,397.66,0,0,3.0,0
C0618,49,Female,30,Monthly,795.82,0,2,3.8,0
C0619,54,Female,6,Monthly,656.59,3,1,3.3,1
C0620,29,Male,67,1-Year,321.91,2,0,4.3,0
C0621,66,Male,7,1-Year,831.97,3,0,1.3,1
C0622,30,Male,52,2-Year,1396.96,1,0,3.8,0
C0623,40,Male,14,1-Year,252.08,3,0,3.1,0
C0624,42,Female,15,2-Year,578.9,3,0,2.5,1
C0625,52,Male,21,1-Year,469.8,1,1,2.4,0
C0626,58,Female,35,Monthly,509.59,3,1,3.5,0
C0627,47,Female,66,Monthly,1380.96,4,1,4.6,0
C0628,34,Female,2,1-Year,808.49,2,0,3.0,1
C0629,66,Male,35,1-Year,806.19,1,0,4.3,0
C0630,37,Male,20,Monthly,1188.75,4,2,2.6,1
C0631,65,Male,10,Monthly,400.84,1,0,1.4,1
C0632,42,Male,25,2-Year,833.44,1,1,1.2,1
C0633,39,Female,66,1-Year,758.98,3,1,1.2,0
C0634,30,Male,25,Monthly,975.98,1,0,2.5,1
C0635,36,Male,54,1-Year,1499.43,4,1,2.3,0
C0636,66,Female,33,Monthly,1200.28,3,0,3.9,1
C0637,53,Male,36,Monthly,717.23,0,1,4.0,0
C0638,29,Female,14,Monthly,1275.82,2,1,1.2,1
C0639,58,Female,65,Monthly,421.92,3,2,1.9,0
C0640,36,Female,54,1-Year,239.6,2,1,2.1,0
C0641,29,Female,52,Monthly,465.78,1,2,,0
C0642,26,Female,3,2-Year,642.54,4,1,1.6,1
C0643,24,Female,41,2-Year,863.75,1,1,1.5,0
C0644,45,Female,6,Monthly,999.67,1,5,4.8,0
C0645,31,Female,25,1-Year,1383.79,0,1,4.2,0
C0646,48,Male,13,1-Year,862.81,3,1,1.7,1
C0647,69,Male,8,2-Year,851.66,0,3,2.6,0
C0648,36,Male,21,Monthly,265.32,2,0,2.4,1
C0649,64,Male,68,1-Year,245.39,1,1,4.2,0
C0650,33,Female,25,1-Year,916.51,1,1,3.0,0
C0651,22,Male,68,Monthly,769.63,2,1,1.5,0
C0652,52,Female,45,Monthly,1290.93,4,2,4.0,1
C0653,29,Male,60,1-Year,408.88,4,0,2.6,0
C0654,42,Male,12,1-Year,232.46,3,0,2.1,0
C0655,69,Male,32,Monthly,783.75,4,1,2.5,1
C0656,38,Female,13,1-Year,508.72,1,2,3.0,0
C0657,53,Male,31,Monthly,264.5,2,1,2.4,1
C0658,40,Female,20,1-Year,1141.98,1,0,2.0,1
C0659,33,Female,18,Monthly,345.07,1,2,2.6,1
C0660,56,Male,60,2-Year,990.82,4,2,1.1,0
C0661,62,Male,63,Monthly,565.36,2,0,4.1,0
C0662,59,Male,6,Monthly,425.54,0,0,1.7,1
C0663,56,Female,32,Monthly,693.68,3,2,1.2,1
C0664,31,Male,43,Monthly,1241.88,1,0,3.6,0
C0665,48,Female,2,1-Year,709.72,2,0,4.1,1
C0666,22,Female,60,Monthly,1176.0,2,3,4.3,0
C0667,52,Male,23,2-Year,363.13,0,0,3.0,0
C0668,40,Male,31,Monthly,1204.6,2,2,1.8,1
C0669,46,Female,5,Monthly,508.01,5,1,3.9,1
C0670,60,Female,34,Monthly,1080.61,2,0,3.8,0
C0671,28,Female,10,Monthly,935.52,3,0,2.0,1
C0672,35,Male,2,Monthly,1407.89,0,0,4.6,1
C0673,64,Female,11,Monthly,703.52,2,0,1.4,1
C0674,29,Male,50,1-Year,286.01,1,1,4.9,0
C0675,26,Female,31,Monthly,224.9,3,1,4.4,0
C0676,27,Female,56,1-Year,1274.92,2,0,3.8,0
C0677,61,Male,9,1-Year,882.16,1,1,4.8,0
C0678,34,Female,21,Monthly,1207.82,2,0,3.9,1
C0679,55,Male,28,1-Year,504.75,1,3,1.8,1
C0680,24,Male,62,2-Year,648.61,2,0,2.8,0
C0681,63,Female,7,1-Year,239.14,5,1,1.3,1
C0682,30,Male,16,1-Year,1449.94,3,1,2.6,1
C0683,57,Male,4,Monthly,1068.23,4,1,4.0,1
C0684,59,Female,4,1-Year,1413.17,2,2,2.5,1
C0685,26,Male,40,1-Year,545.15,2,3,2.3,0
C0686,67,Male,17,1-Year,994.9,0,1,3.4,0
C0687,44,Male,52,2-Year,,2,2,4.5,0
C0688,19,Female,52,Monthly,612.81,1,2,1.2,0
C0689,22,Male,36,Monthly,1302.54,1,0,2.5,1
C0690,46,Female,38,1-Year,1431.31,2,2,1.6,1
C0691,54,Female,50,2-Year,,3,1,3.8,0
C0692,55,Male,63,Monthly,1160.79,1,1,1.4,0
C0693,36,Male,63,Monthly,560.7,2,1,3.7,0
C0694,25,Male,62,Monthly,566.1,1,2,2.1,0
C0695,65,Female,7,Monthly,1452.37,2,0,1.8,1
C0696,62,Male,27,1-Year,213.37,1,0,4.7,0
C0697,18,Male,14,1-Year,1130.86,1,1,1.1,1
C0698,39,Male,71,Monthly,1118.12,3,0,2.8,0
C0699,69,Male,5,Monthly,1009.5,3,1,1.1,1
C0700,34,Male,55,Monthly,1487.14,1,0,2.9,1
C0701,24,Female,2,Monthly,605.44,0,1,3.0,1
C0702,42,Female,62,1-Year,641.96,3,1,2.3,0
C0703,62,Male,21,2-Year,302.62,3,2,1.5,1
C0704,21,Male,21,2-Year,775.64,3,0,2.5,0
C0705,53,Male,10,Monthly,539.36,0,1,3.7,1
C0706,23,Male,58,2-Year,646.4,0,2,4.1,0
C0707,48,Female,39,1-Year,1284.94,0,0,3.1,0
C0708,36,Male,5,1-Year,1416.13,4,0,3.4,1
C0709,61,Female,65,1-Year,441.45,1,1,1.8,0
C0710,56,Female,13,Monthly,684.26,3,1,2.1,1
C0711,44,Male,53,Monthly,1407.22,0,2,1.6,1
C0712,27,Female,45,Monthly,280.35,0,2,2.0,0
C0713,43,Female,32,Monthly,320.07,4,1,1.9,1
C0714,36,Female,36,Monthly,411.63,1,1,,0
C0715,56,Female,60,1-Year,973.78,2,4,3.3,0
C0716,20,Male,11,1-Year,395.61,4,3,4.8,0
C0717,62,Male,63,1-Year,1458.5,1,2,1.8,0
C0718,30,Female,21,Monthly,780.73,0,1,3.6,1
C0719,67,Male,52,2-Year,851.97,1,0,4.3,0
C0720,45,Male,55,2-Year,520.66,2,0,3.2,0
C0721,37,Male,26,1-Year,812.25,1,1,2.0,1
C0722,45,Male,68,2-Year,1060.49,1,2,2.1,0
C0723,25,Male,34,1-Year,1176.53,1,1,1.2,0
C0724,58,Female,52,2-Year,1180.03,3,0,2.2,0
C0725,56,Male,52,Monthly,951.26,1,2,4.0,0
C0726,18,Male,29,Monthly,1375.67,1,0,1.2,1
C0727,20,Male,38,Monthly,1262.63,3,1,1.9,1
C0728,30,Male,42,Monthly,1184.16,1,0,3.8,0
C0729,45,Female,21,Monthly,272.29,2,0,4.1,0
C0730,66,Female,42,1-Year,208.94,0,0,2.8,0
C0731,42,Female,13,1-Year,476.18,1,0,,0
C0732,50,Female,64,1-Year,1062.58,3,0,2.6,0
C0733,55,Male,17,Monthly,734.56,1,1,1.6,0
C0734,23,Female,9,2-Year,723.13,4,0,2.6,0
C0735,61,Male,41,1-Year,1349.96,2,0,3.3,0
C0736,62,Male,1,Monthly,1364.23,0,1,4.8,1
C0737,49,Male,2,1-Year,1381.93,4,2,1.3,1
C0738,62,Male,60,Monthly,608.04,2,1,3.0,0
C0739,64,Male,48,Monthly,1098.37,1,1,2.3,0
C0740,38,Female,29,2-Year,553.12,1,0,3.0,0
C0741,33,Female,10,Monthly,447.79,2,0,1.1,1
C0742,38,Female,58,1-Year,440.02,1,1,2.3,0
C0743,28,Female,60,2-Year,644.74,2,0,4.3,0
C0744,54,Male,21,1-Year,758.94,2,2,3.2,0
C0745,53,Female,28,Monthly,1280.23,1,0,2.8,1
C0746,52,Male,34,Monthly,355.86,1,2,2.1,0
C0747,36,Female,8,Monthly,1155.4,5,1,2.2,1
C0748,37,Male,59,1-Year,890.89,1,1,2.5,0
C0749,35,Male,72,Monthly,574.33,6,1,4.3,0
C0750,64,Female,49,Monthly,840.67,4,1,4.9,0
C0751,58,Male,17,2-Year,589.92,2,2,,1
C0752,66,Male,60,1-Year,974.91,1,2,2.6,0
C0753,31,Female,45,Monthly,,1,1,4.4,0
C0754,32,Male,69,1-Year,413.73,3,0,2.7,0
C0755,48,Female,32,1-Year,351.56,2,0,3.2,0
C0756,18,Female,44,Monthly,,1,0,1.9,0
C0757,20,Female,65,Monthly,1373.14,4,0,4.0,0
C0758,33,Male,8,2-Year,647.14,2,1,3.1,0
C0759,40,Male,72,1-Year,1152.9,1,2,4.2,0
C0760,28,Male,43,1-Year,1056.26,3,3,4.1,0
C0761,29,Female,1,Monthly,1411.02,2,0,1.9,1
C0762,27,Male,51,Monthly,,4,4,3.9,0
C0763,49,Female,24,Monthly,936.59,4,1,4.2,1
C0764,33,Female,24,Monthly,1054.14,1,0,2.4,1
C0765,25,Male,17,Monthly,1367.9,4,1,1.7,1
C0766,55,Female,5,Monthly,719.37,0,2,1.0,1
C0767,29,Male,20,2-Year,624.83,3,3,2.8,1
C0768,41,Male,21,2-Year,214.05,3,0,2.4,0
C0769,45,Male,58,1-Year,1274.52,2,1,3.2,0
C0770,25,Male,31,2-Year,1241.27,3,0,1.8,1
C0771,45,Male,11,Monthly,335.79,1,1,4.4,0
C0772,53,Female,52,2-Year,949.91,4,1,2.0,0
C0773,43,Female,15,Monthly,803.18,3,2,1.9,1
C0774,25,Female,7,2-Year,354.32,0,0,2.9,0
C0775,67,Male,28,2-Year,1474.74,2,2,3.0,0
C0776,45,Male,51,1-Year,479.1,1,0,1.9,0
C0777,45,Male,58,2-Year,287.4,0,0,2.1,0
C0778,54,Female,5,1-Year,973.3,3,3,1.7,1
C0779,58,Male,5,Monthly,1160.53,1,1,3.9,1
C0780,53,Female,8,Monthly,242.18,1,0,4.1,0
C0781,44,Female,64,1-Year,1056.33,1,1,2.8,0
C0782,34,Male,10,Monthly,891.98,4,0,3.9,1
C0783,26,Male,38,1-Year,334.24,3,1,3.9,0
C0784,50,Female,8,2-Year,424.28,0,3,1.6,1
C0785,37,Male,25,Monthly,938.37,1,2,4.9,0
C0786,30,Female,66,1-Year,585.26,4,0,4.3,0
C0787,45,Male,50,2-Year,1419.81,2,0,1.8,0
C0788,65,Male,67,2-Year,1264.36,1,2,1.7,0
C0789,46,Female,49,2-Year,1478.64,2,2,1.5,0
C0790,30,Male,36,1-Year,537.57,1,1,1.6,0
C0791,63,Female,68,2-Year,1460.64,3,2,4.0,0
C0792,52,Male,41,1-Year,760.6,3,1,2.9,0
C0793,23,Female,62,Monthly,651.77,6,1,4.1,0
C0794,35,Female,10,1-Year,265.45,1,1,4.0,0
C0795,68,Male,21,1-Year,268.59,3,1,3.4,0
C0796,22,Female,36,Monthly,1099.61,1,0,3.7,0
C0797,64,Male,12,1-Year,795.31,4,3,1.1,1
C0798,42,Male,2,1-Year,494.48,2,3,2.2,1
C0799,19,Male,13,Monthly,998.16,3,3,3.6,1
C0800,27,Female,53,1-Year,528.72,1,0,1.0,0
C0801,47,Female,32,1-Year,950.92,2,1,1.1,0
C0802,67,Male,16,1-Year,666.97,2,0,4.4,0
C0803,62,Male,32,Monthly,1270.62,2,0,3.7,1
C0804,22,Female,32,Monthly,1266.91,1,1,2.1,1
C0805,50,Male,11,Monthly,820.56,4,1,3.8,1
C0806,18,Male,10,2-Year,656.06,1,0,4.2,1
C0807,35,Female,15,Monthly,671.33,1,0,2.2,0
C0808,49,Male,17,1-Year,1247.43,2,0,1.1,1
C0809,64,Female,40,Monthly,626.63,2,2,4.7,0
C0810,66,Male,18,Monthly,471.78,5,1,2.4,1
C0811,28,Female,55,2-Year,310.09,0,2,1.4,0
C0812,38,Male,25,1-Year,806.7,0,2,3.0,0
C0813,43,Male,59,Monthly,826.77,2,1,,0
C0814,42,Female,22,Monthly,1293.18,1,2,1.9,1
C0815,39,Male,30,Monthly,487.61,4,0,2.1,1
C0816,44,Female,44,1-Year,695.29,4,1,2.0,1
C0817,66,Male,32,1-Year,1250.93,2,1,5.0,0
C0818,30,Female,51,Monthly,1270.71,1,1,1.8,1
C0819,50,Female,46,Monthly,699.99,1,1,3.3,0
C0820,51,Female,21,Monthly,796.86,4,1,4.7,0
C0821,58,Female,32,2-Year,594.27,1,2,1.6,0
C0822,52,Male,39,2-Year,1412.32,8,2,4.9,0
C0823,18,Male,12,Monthly,354.24,0,0,,0
C0824,38,Female,47,1-Year,1413.87,1,2,4.5,0
C0825,65,Female,18,Monthly,1089.03,3,0,1.9,1
C0826,23,Female,21,Monthly,891.04,1,0,3.5,0
C0827,45,Male,13,1-Year,242.46,3,1,,0
C0828,34,Male,21,2-Year,818.28,2,2,4.9,0
C0829,22,Male,8,2-Year,,2,1,1.7,1
C0830,48,Male,46,1-Year,409.58,1,1,4.1,0
C0831,22,Female,7,Monthly,1053.33,2,2,2.4,1
C0832,55,Female,23,1-Year,1462.5,0,0,1.7,1
C0833,20,Female,22,Monthly,930.85,1,1,,1
C0834,40,Male,22,1-Year,1129.18,0,2,4.2,1
C0835,54,Male,29,Monthly,288.99,5,1,2.9,1
C0836,54,Male,13,1-Year,742.97,4,1,3.2,1
C0837,27,Female,2,Monthly,351.27,3,0,5.0,1
C0838,27,Female,29,Monthly,996.63,1,0,2.6,1
C0839,36,Male,52,2-Year,1420.03,2,1,3.5,0
C0840,34,Female,27,Monthly,1060.31,1,1,2.5,1
C0841,38,Male,50,1-Year,299.84,4,1,2.6,0
C0842,31,Male,23,Monthly,661.07,1,0,3.8,1
C0843,26,Female,44,Monthly,915.86,0,1,4.8,0
C0844,63,Male,22,Monthly,724.17,3,1,3.2,1
C0845,18,Female,43,Monthly,1283.74,1,1,4.1,0
C0846,68,Male,37,2-Year,1259.07,3,0,1.4,1
C0847,62,Female,61,Monthly,995.38,0,0,1.8,0
C0848,30,Female,56,2-Year,685.5,2,2,3.0,0
C0849,21,Female,3,1-Year,531.94,2,0,1.1,1
C0850,18,Male,63,Monthly,337.64,1,1,2.0,0
C0851,66,Male,19,1-Year,661.37,3,2,3.1,1
C0852,57,Female,23,1-Year,737.12,3,0,,1
C0853,49,Female,29,1-Year,1078.57,1,2,2.1,1
C0854,51,Male,30,Monthly,1055.61,1,1,3.1,1
C0855,45,Male,39,Monthly,291.14,3,0,3.3,0
C0856,48,Male,25,2-Year,713.84,1,0,4.7,0
C0857,25,Female,8,2-Year,436.31,0,0,3.6,0
C0858,56,Male,58,2-Year,403.86,1,2,2.7,0
C0859,43,Male,16,Monthly,1275.49,3,0,4.7,1
C0860,51,Female,72,1-Year,254.49,4,1,4.1,0
C0861,20,Male,1,1-Year,744.94,2,1,1.8,1
C0862,67,Male,5,1-Year,418.66,0,1,1.5,1
C0863,29,Male,3,Monthly,1343.13,2,0,3.7,1
C0864,18,Female,65,1-Year,924.15,1,0,3.2,0
C0865,61,Female,4,Monthly,500.79,3,0,4.2,0
C0866,22,Female,64,Monthly,853.16,2,1,4.0,0
C0867,47,Female,10,2-Year,1150.93,2,0,3.5,1
C0868,47,Female,21,Monthly,1445.55,2,0,4.9,1
C0869,34,Female,46,Monthly,486.58,0,1,3.1,0
C0870,65,Female,27,Monthly,1352.04,3,2,1.5,1
C0871,64,Male,66,2-Year,1414.6,2,3,4.3,0
C0872,40,Male,41,1-Year,1391.35,0,0,2.0,1
C0873,32,Female,13,Monthly,1026.04,2,0,4.1,1
C0874,54,Male,9,2-Year,1018.77,2,2,,0
C0875,38,Male,36,2-Year,724.17,2,0,3.8,0
C0876,31,Female,58,Monthly,1178.12,2,2,3.4,0
C0877,19,Male,54,1-Year,890.68,3,1,2.8,0
C0878,28,Male,12,1-Year,1080.67,1,3,2.5,1
C0879,68,Male,14,1-Year,757.0,2,2,2.4,0
C0880,56,Male,34,Monthly,1150.95,2,1,3.5,0
C0881,55,Male,53,2-Year,1271.81,3,1,4.0,0
C0882,51,Female,20,1-Year,390.37,2,1,3.7,0
C0883,55,Female,16,Monthly,1282.81,4,0,,1
C0884,67,Female,70,Monthly,902.39,2,0,3.0,0
C0885,51,Male,56,Monthly,1298.07,1,0,4.2,0
C0886,35,Female,58,Monthly,760.69,1,0,2.9,0
C0887,47,Male,4,1-Year,692.75,0,1,3.1,1
C0888,32,Male,4,Monthly,1389.58,2,1,4.1,1
C0889,44,Male,20,Monthly,526.52,4,2,3.6,1
C0890,68,Male,10,1-Year,1297.48,1,0,2.6,1
C0891,51,Female,24,Monthly,829.23,0,1,4.6,0
C0892,69,Female,26,2-Year,868.32,2,1,1.7,0
C0893,55,Male,37,Monthly,601.01,0,0,5.0,0
C0894,50,Female,54,Monthly,944.95,0,1,1.5,0
C0895,41,Male,21,Monthly,622.77,3,0,1.1,1
C0896,32,Female,38,Monthly,251.05,2,0,4.6,0
C0897,47,Female,46,Monthly,553.6,3,0,2.0,1
C0898,59,Male,4,1-Year,208.29,1,0,3.9,0
C0899,68,Female,60,2-Year,1471.86,1,1,4.2,0
C0900,34,Male,57,Monthly,1455.47,2,0,4.4,0
C0901,22,Female,45,1-Year,713.7,4,0,5.0,0
C0902,46,Male,20,1-Year,1146.88,3,2,2.2,1
C0903,21,Male,17,2-Year,649.55,1,0,3.8,0
C0904,27,Female,71,Monthly,1072.42,4,0,1.5,0
C0905,34,Female,4,Monthly,1247.06,1,1,2.6,1
C0906,27,Male,14,Monthly,,3,1,4.4,1
C0907,34,Female,3,1-Year,720.28,1,1,2.5,0
C0908,37,Female,58,2-Year,1218.29,1,2,3.4,0
C0909,41,Male,55,Monthly,545.71,2,1,3.0,0
C0910,22,Male,4,Monthly,1487.43,3,0,3.6,1
C0911,51,Female,24,2-Year,233.5,1,0,4.9,0
C0912,23,Male,34,2-Year,984.59,3,1,1.2,1
C0913,19,Male,30,2-Year,1057.36,2,1,3.3,0
C0914,30,Male,19,1-Year,1094.46,2,1,4.5,0
C0915,60,Female,31,Monthly,356.5,2,1,2.9,1
C0916,60,Female,60,1-Year,1420.09,0,0,1.3,0
C0917,65,Male,60,1-Year,435.54,5,1,3.2,0
C0918,28,Female,19,Monthly,1009.58,2,2,2.3,1
C0919,68,Male,49,1-Year,489.48,2,1,1.6,0
C0920,64,Female,63,1-Year,599.38,0,0,4.4,0
C0921,40,Male,22,Monthly,910.4,4,2,3.1,1
C0922,33,Male,24,1-Year,742.35,1,0,4.7,0
C0923,48,Female,30,1-Year,408.29,1,1,4.2,0
C0924,28,Male,58,2-Year,422.22,5,1,3.8,0
C0925,33,Female,31,Monthly,743.59,0,1,1.0,1
C0926,25,Female,64,Monthly,1184.47,2,1,2.7,0
C0927,21,Male,19,1-Year,1367.35,1,0,1.8,1
C0928,57,Male,48,Monthly,309.37,3,2,4.6,0
C0929,21,Female,45,1-Year,711.04,2,1,1.7,0
C0930,42,Male,55,1-Year,,5,1,2.1,0
C0931,20,Male,55,Monthly,221.57,3,0,3.1,0
C0932,49,Male,18,1-Year,1060.23,2,0,2.1,1
C0933,20,Male,63,1-Year,983.18,2,1,1.8,0
C0934,44,Male,47,Monthly,411.92,1,0,3.4,0
C0935,46,Female,57,2-Year,503.96,0,2,1.4,0
C0936,49,Female,45,2-Year,230.82,1,0,1.2,0
C0937,67,Male,33,1-Year,1285.43,3,1,2.5,1
C0938,68,Male,17,1-Year,1467.1,1,0,3.9,1
C0939,36,Male,70,1-Year,376.1,1,1,3.2,0
C0940,38,Female,4,2-Year,500.92,0,0,2.7,0
C0941,22,Male,20,1-Year,1328.93,2,1,3.3,0
C0942,35,Female,47,1-Year,1404.4,3,1,2.5,0
C0943,45,Female,15,2-Year,745.52,4,1,4.7,0
C0944,59,Female,70,Monthly,265.81,2,0,1.2,0
C0945,39,Male,47,2-Year,251.21,3,1,3.7,0
C0946,38,Female,9,Monthly,946.13,3,2,4.6,1
C0947,23,Male,16,Monthly,,2,1,4.2,0
C0948,18,Female,69,Monthly,237.25,3,1,1.7,0
C0949,22,Male,61,2-Year,958.23,0,2,2.2,0
C0950,58,Female,10,2-Year,,2,1,,0
C0951,29,Male,50,1-Year,1223.58,2,3,1.3,0
C0952,43,Female,3,1-Year,598.36,4,0,4.2,0
C0953,63,Male,70,1-Year,252.34,2,2,3.9,0
C0954,51,Male,51,2-Year,964.86,2,1,3.9,0
C0955,66,Male,19,1-Year,716.99,2,0,1.4,1
C0956,31,Male,42,Monthly,1465.94,2,0,3.9,0
C0957,43,Female,35,Monthly,907.46,1,0,3.7,0
C0958,62,Female,46,1-Year,557.81,2,1,4.3,0
C0959,44,Male,26,1-Year,1122.27,3,2,1.2,1
C0960,26,Female,69,Monthly,552.94,1,1,1.1,0
C0961,43,Male,64,Monthly,1375.52,3,1,2.5,0
C0962,64,Male,37,2-Year,,3,1,1.6,0
C0963,39,Female,49,Monthly,914.83,1,0,3.2,0
C0964,64,Male,21,1-Year,265.75,1,1,4.7,0
C0965,47,Male,64,2-Year,753.96,4,1,2.6,0
C0966,60,Female,5,Monthly,1282.07,2,1,4.4,1
C0967,65,Male,70,Monthly,1247.34,1,0,1.0,1
C0968,34,Male,4,1-Year,491.61,1,0,1.7,1
C0969,43,Male,39,2-Year,493.9,0,1,1.1,0
C0970,53,Male,35,1-Year,1262.5,2,1,2.3,1
C0971,18,Female,1,2-Year,1409.52,3,0,4.6,0
C0972,25,Female,24,Monthly,323.97,2,0,1.4,0
C0973,66,Female,57,1-Year,785.08,1,3,3.4,0
C0974,52,Male,70,1-Year,638.69,1,0,2.8,0
C0975,69,Male,41,2-Year,1331.89,4,0,4.8,0
C0976,32,Female,54,Monthly,308.58,1,0,1.5,0
C0977,64,Male,46,2-Year,474.46,1,3,1.8,0
C0978,39,Male,60,1-Year,1178.21,3,0,1.1,0
C0979,31,Male,60,Monthly,266.68,1,0,2.7,0
C0980,43,Male,57,Monthly,840.3,1,1,2.1,0
C0981,45,Female,31,2-Year,774.74,3,1,4.5,0
C0982,40,Female,24,Monthly,634.72,2,3,3.4,0
C0983,31,Female,36,Monthly,712.94,2,2,3.5,0
C0984,41,Male,30,Monthly,888.92,2,3,3.1,1
C0985,19,Female,24,2-Year,409.78,2,1,1.4,1
C0986,62,Female,30,1-Year,,3,0,2.8,0
C0987,43,Male,7,1-Year,1247.06,3,1,5.0,1
C0988,31,Male,35,Monthly,1188.21,5,2,4.3,1
C0989,68,Female,55,1-Year,400.07,1,1,4.6,0
C0990,24,Female,14,1-Year,394.02,3,2,4.3,0
C0991,20,Female,10,2-Year,,1,1,1.4,0
C0992,64,Female,16,2-Year,669.4,0,0,1.9,0
C0993,40,Male,54,Monthly,730.99,2,0,1.0,0
C0994,63,Female,70,1-Year,1083.61,3,2,2.2,0
C0995,60,Female,44,Monthly,273.68,1,0,1.4,0
C0996,64,Male,45,1-Year,245.07,4,2,2.9,0
C0997,62,Female,56,Monthly,709.48,1,0,3.7,0
C0998,35,Male,57,Monthly,1106.31,0,1,4.5,0
C0999,55,Male,21,Monthly,451.47,2,0,4.0,0
